,,,ntsc_0.9,,,ntsc_1.0,,,ntsc_1.1,,,pal_1.0,,,ntsc_1.2,,,pal_1.1,,,jp_gc,,,jp_mq,,,usa_gc,,,usa_mq,,,pal_gc,,,pal_gc_dbg1,,,pal_gc_dbg2,,,pal_mq,,,pal_mq_dbg,,,jp_gc_ce,,,ique_cn,,,ique_tw,,,
Debug rom,Pal MQ retail,Notes,Offset,VRAM,Size,Offset,VRAM,Size,Offset,VRAM,Size,Offset,VRAM,Size,Offset,VRAM,Size,Offset,VRAM,Size,Offset,VRAM,Size,Offset,VRAM,Size,Offset,VRAM,Size,Offset,VRAM,Size,Offset,VRAM,Size,Offset,VRAM,Size,Offset,VRAM,Size,Offset,VRAM,Size,Offset,VRAM,Size,Offset,VRAM,Size,Offset,VRAM,Size,Offset,VRAM,Size,iQue
z_en_a_keep.c,,,0,800110A0,,0,800110A0,AA0,0,800110A0,,0,800116E0,,0,800116E0,,0,800116E0,,0,80010EE0,AA0,0,80010EE0,AA0,0,80010EE0,,0,80010EE0,,0,80010F00,AA0,0,8001CE60,AD0,0,8001CE60,AD0,0,80010F00,AA0,0,8001CE60,AD0,0,80010EE0,,0,80018FA0,AA0,0,80018A40,AA0,
z_en_item00.c,,,000AA0,80011B40,23F0,000AA0,80011B40,23F0,,,,,,,,,,,,,000AA0,80011980,2400,AA0,80011980,,,,,,,,000AA0,800119A0,2400,AD0,8001D930,24C0,AD0,8001D930,24C0,000AA0,800119A0,2400,AD0,8001D930,24C0,,,,000AA0,80019A40,2400,000AA0,800194E0,2400,
z_eff_blure.c,,,002E90,80013F30,3470,002E90,80013F30,3470,,,,,,,,,,,,,002EA0,80013D80,3430,,,,,,,,,,002EA0,80013DA0,3430,002F90,8001FDF0,3660,002F90,8001FDF0,3660,002EA0,80013DA0,3430,2F90,8001FDF0,3660,,,,002EA0,8001BE40,3430,002EA0,8001B8E0,3430,
z_eff_shield_particle.c,,,006300,800173A0,1680,006300,800173A0,1680,,,,,,,,,,,,,0062D0,800171B0,1660,,,,,,,,,,0062D0,800171D0,1660,0065F0,80023450,16B0,0065F0,80023450,16B0,0062D0,800171D0,1660,65F0,80023450,16B0,,,,0062D0,8001F270,1660,0062D0,8001ED10,1660,
z_eff_spark.c,,,007980,80018A20,16C0,007980,80018A20,16C0,,,,,,,,,,,,,007930,80018810,16B0,,,,,,,,,,007930,80018830,16B0,007CA0,80024B00,1730,007CA0,80024B00,1730,007930,80018830,16B0,7CA0,80024B00,1730,,,,007930,800208D0,16B0,007930,80020370,16B0,
z_eff_ss_dead.c,,,009040,8001A0E0,750,009040,8001A0E0,750,,,,,,,,,,,,,008FE0,80019EC0,7B0,,,,,,,,,,008FE0,80019EE0,7B0,0093D0,80026230,8D0,0093D0,80026230,8D0,008FE0,80019EE0,7B0,93D0,80026230,8D0,,,,008FE0,80021F80,7B0,008FE0,80021A20,7B0,
z_effect.c,,,009790,8001A830,7D0,009790,8001A830,7D0,,,,,,,,,,,,,009790,8001A670,780,,,,,,,,,,009790,8001A690,780,009CA0,80026B00,7B0,009CA0,80026B00,7B0,009790,8001A690,780,9CA0,80026B00,7B0,,,,009790,80022730,780,009790,800221D0,780,
z_effect_soft_sprite.c,,,009F60,8001B000,AA0,009F60,8001B000,AA0,,,,,,,,,,,,,009F10,8001ADF0,AA0,,,,,,,,,,009F10,8001AE10,AA0,00A450,800272B0,CD0,00A450,800272B0,CD0,009F10,8001AE10,AA0,A450,800272B0,CD0,,,,009F10,80022EB0,AA0,009F10,80022950,AA0,
z_effect_soft_sprite_old_init.c,,,00AA00,8001BAA0,2B20,00AA00,8001BAA0,2B20,,,,,,,,,,,,,00A9B0,8001B890,2B20,,,,,,,,,,00A9B0,8001B8B0,2B20,00B120,80027F80,2B30,00B120,80027F80,2B30,00A9B0,8001B8B0,2B20,B120,80027F80,2B30,,,,00A9B0,80023950,2B20,00A9B0,800233F0,2B20,
flg_set.c,,,00D520,8001E5C0,410,00D520,8001E5C0,410,,,,,,,,,,,,,00D4D0,8001E3B0,420,,,,,,,,,,00D4D0,8001E3D0,420,00DC50,8002AAB0,450,00DC50,8002AAB0,450,00D4D0,8001E3D0,420,DC50,8002AAB0,450,,,,00D4D0,80026470,420,00D4D0,80025F10,420,
z_DLF.c,,,00D930,8001E9D0,250,00D930,8001E9D0,250,,,,,,,,,,,,,00D8F0,8001E7D0,250,,,,,,,,,,00D8F0,8001E7F0,250,00E0A0,8002AF00,2E0,00E0A0,8002AF00,2E0,00D8F0,8001E7F0,250,E0A0,8002AF00,2E0,,,,00D8F0,80026890,250,00D8F0,80026330,250,
z_actor.c (+z_cheap_proc.c),,,00DB80,8001EC20,,00DB80,8001EC20,C540,,,,,,,,,,,,,00DB40,8001EA20,,,,,,,,,,,00DB40,8001EA40,C580,00E380,8002B1E0,D1E0,00E380,8002B1E0,D1E0,00DB40,8001EA40,C580,E380,8002B1E0,D1E0,,,,00DB40,80026AE0,,00DB40,80026580,,
z_actor_dlftbls.c,,,,,,01A0C0,8002B160,,,,,,,,,,,,,,,,,,,,,,,,,,01A0C0,8002AFC0,,01B560,800383C0,240,01B560,800383C0,240,01A0C0,8002AFC0,150,1B560,800383C0,240,,,,,,,,,,
z_bgcheck.c,,,,,,,,,,,,,,,,,,,,,,,,,,,,,,,,,,,,01B7A0,80038600,AAA0,01B7A0,80038600,AAA0,01A210,8002B110,9BE0,1B7A0,80038600,AAA0,,,,,,,,,,
code_800430A0.c,,,,,,,,,,,,,,,,,,,,,,,,,,,,,,,,,023DF0,80034CF0,320,026240,800430A0,3E0,026240,800430A0,3E0,023DF0,80034CF0,320,26240,800430A0,3E0,,,,,,,,,,
code_80043480.c,,,,,,,,,,,,,,,,,,,,,,,,,,,,,,,,,024110,80035010,390,026620,80043480,370,026620,80043480,370,024110,80035010,390,26620,80043480,370,,,,,,,,,,
z_camera.c,,Camera_QRegInit is gone on retail (and probably more),,,,,,,,,,,,,,,,,,,,,,,,,,,,,,,0244A0,800353A0,,026990,800437F0,17A10,026990,800437F0,17A10,0244A0,800353A0,14630,26990,800437F0,17A10,,,,,,,,,,
z_collision_btltbls.c,,,,,,,,,,,,,,,,,,,,,,,,,,,,,,,,,,,,03E3A0,8005B200,80,03E3A0,8005B200,80,038AD0,800499D0,60,3E3A0,8005B200,80,,,,,,,,,,
z_collision_check.c,,First two functions gone on retail,,,,,,,,,,,,,,,,,,,,,,,,,,,,,,,,,,03E420,8005B280,83C0,03E420,8005B280,83C0,038B30,80049A30,7C80,3E420,8005B280,83C0,,,,,,,,,,
z_common_data.c,,NTSC is originally larger: it contains language detection code until usa_gc. iQue also has this.,0409D0,80051A70,B0,040A00,80051AA0,B0,040A00,80051AA0,B0,040A30,80052110,80,040A50,80052130,B0,040A30,80052110,80,0407D0,800516B0,B0,0407D0,800516B0,B0,0407D0,800516B0,90,0407D0,800516B0,90,0407B0,800516B0,80,0467E0,80063640,80,0467E0,80063640,80,0407B0,800516B0,80,467E0,80063640,80,0407D0,800516B0,90,03F5C0,80058560,B0,03F770,800581B0,B0,
z_debug.c,,,,,,,,,,,,,,,,,,,,,,,,,,,,,,,,,040830,80051730,310,046860,800636C0,7D0,046860,800636C0,7D0,040830,80051730,310,46860,800636C0,7D0,040860,80051740,310,,,,,,,
z_debug_display.c,,,,,,,,,,,,,,,,,,,,,,,,,,,,,,,,,040B40,80051A40,4C0,047030,80063E90,560,047030,80063E90,560,040B40,80051A40,4C0,47030,80063E90,560,040B70,80051A50,4C0,,,,,,,
z_demo.c,,,,,,,,,,,,,,,,,,,,,,,,,,,,,,,,,041000,80051F00,4CE0,047590,800643F0,5030,047590,800643F0,5030,041000,80051F00,4CE0,47590,800643F0,5030,041030,80051F10,4CE0,,,,,,,
code_80069420.c,,,,,,,,,,,,,,,,,,,,,,,,,,,,,,,,,045CE0,80056BE0,90,04C5C0,80069420,80,04C5C0,80069420,80,045CE0,80056BE0,90,4C5C0,80069420,80,045D10,80056BF0,,,,,,,,
z_draw.c,,,,,,,,,,,,,,,,,,,,,,,,,,,,,,,,,045D70,80056C70,1F00,04C640,800694A0,2560,04C640,800694A0,2560,045D70,80056C70,1F00,4C640,800694A0,2560,,,,,,,,,,
code_8006BA00.c,,,,,,,,,,,,,,,,,,,,,,,,,,,,,,,,,047C70,80058B70,1C0,04EBA0,8006BA00,1C0,04EBA0,8006BA00,1C0,047C70,80058B70,1C0,4EBA0,8006BA00,1C0,,,,,,,,,,
z_elf_message.c,,,,,,,,,,,,,,,,,,,,,,,,,,,,,,,,,,,,04ED60,8006BBC0,7A0,04ED60,8006BBC0,7A0,047E30,80058D30,6E0,4ED60,8006BBC0,7A0,047E60,80058D40,6E0,,,,,,,
z_face_reaction.c,,,0486F0,80059790,50,048720,800597C0,50,048720,800597C0,50,048720,80059E00,50,048770,80059E50,50,048720,80059E00,50,048560,80059440,50,048560,80059440,50,048540,80059420,50,048540,80059420,50,048510,80059410,50,04F500,8006C360,40,04F500,8006C360,40,048510,80059410,50,4F500,8006C360,40,048540,80059420,50,047350,800602F0,50,047500,8005FF40,50,
code_8006C3A0.c,,,,,,,,,,,,,,,,,,,,,,,,,,,,,,,,,048560,80059460,180,04F540,8006C3A0,170,04F540,8006C3A0,170,048560,80059460,180,4F540,8006C3A0,170,,,,,,,,,,
code_8006C510.c,,,,,,,,,,,,,,,,,,,,,,,,,,,,,,,,,0486E0,800595E0,240,04F6B0,8006C510,240,04F6B0,8006C510,240,0486E0,800595E0,240,4F6B0,8006C510,240,,,,,,,,,,
z_fcurve_data_skelanime.c,,,,,,,,,,,,,,,,,,,,,,,,,,,,,,,,,048920,80059820,810,04F8F0,8006C750,870,04F8F0,8006C750,870,048920,80059820,810,4F8F0,8006C750,870,,,,,,,,,,
z_game_dlftbls.c,,,,,,,,,,,,,,,,,,,,,,,,,,,,,,,,,,,,,,,,,,,,,50160,8006CFC0,0,,,,,,,,,,
z_horse.c,,,,,,,,,,,,,,,,,,,,,,,,,,,,,,,,,049130,8005A030,CE0,050160,8006CFC0,E70,050160,8006CFC0,E70,049130,8005A030,CE0,50160,8006CFC0,E70,,,,,,,,,,
z_jpeg.c,,,,,,,,,,,,,,,,,,,,,,,,,,,,,,,,,049E10,8005AD10,7C0,050FD0,8006DE30,C00,050FD0,8006DE30,C00,049E10,8005AD10,7C0,50FD0,8006DE30,C00,,,,,,,,,,
z_kaleido_setup.c,,,,,,,,,,,,,,,,,,,,,,,,,,,,,,,,,04A5D0,8005B4D0,3D0,051BD0,8006EA30,420,051BD0,8006EA30,420,04A5D0,8005B4D0,3D0,51BD0,8006EA30,420,,,,,,,,,,
z_kanfont.c,,,,,,,,,,,,,,,,,,,,,,,,,,,,,,,,,04A9A0,8005B8A0,1D0,051FF0,8006EE50,250,051FF0,8006EE50,250,04A9A0,8005B8A0,1D0,51FF0,8006EE50,250,,,,,,,,,,
z_kankyo.c,,,,,,,,,,,,,,,,,,,,,,,,,,,,,,,,,04AB70,8005BA70,7810,052240,8006F0A0,8740,052240,8006F0A0,8740,04AB70,8005BA70,7810,52240,8006F0A0,8740,,,,,,,,,,
z_lib.c,,,,,,,,,,,,,,,,,,,,,,,,,,,,,,,,,052380,80063280,11A0,05A980,800777E0,1180,05A980,800777E0,1180,052380,80063280,11A0,5A980,800777E0,1180,,,,,,,,,,
z_lifemeter.c,,,,,,,,,,,,,,,,,,,,,,,,,,,,,,,,,053520,80064420,13A0,05BB00,80078960,13D0,05BB00,80078960,13D0,053520,80064420,13A0,5BB00,80078960,13D0,,,,,,,,,,
z_lights.c,,,,,,,,,,,,,,,,,,,,,,,,,,,,,,,,,0548C0,800657C0,,05CED0,80079D30,10E0,05CED0,80079D30,10E0,0548C0,800657C0,10A0,5CED0,80079D30,10E0,,,,,,,,,,
z_malloc.c,,,,,,,,,,,,,,,,,,,,,,,,,,,,,,,,,,,,05DFB0,8007AE10,480,05DFB0,8007AE10,480,055960,80066860,1E0,5DFB0,8007AE10,480,,,,,,,,,,
z_map_mark.c,,,,,,,,,,,,,,,,,,,,,,,,,,,,,,,,,055B40,80066A40,600,05E430,8007B290,680,05E430,8007B290,680,055B40,80066A40,600,5E430,8007B290,680,,,,,,,,,,
z_moji.c,,,,,,,,,,,,,,,,,,,,,,,,,,,,,,,,,,,,05EAB0,8007B910,550,05EAB0,8007B910,550,,,,5EAB0,8007B910,550,,,,,,,,,,
z_prenmi_buff.c,,,,,,,,,,,,,,,,,,,,,,,,,,,,,,,,,56140,80067040,C0,05F000,8007BE60,B0,05F000,8007BE60,B0,56140,80067040,C0,5F000,8007BE60,B0,,,,,,,,,,
z_msgevent.c,,,,,,,,,,,,,,,,,,,,,,,,,,,,,,,,,056200,80067100,80,05F0B0,8007BF10,80,05F0B0,8007BF10,80,056200,80067100,80,5F0B0,8007BF10,80,,,,,,,,,,
z_olib.c,,,,,,,,,,,,,,,,,,,,,,,,,,,,,,,,,056280,80067180,6F0,05F130,8007BF90,6F0,05F130,8007BF90,6F0,056280,80067180,6F0,5F130,8007BF90,6F0,,,,,,,,,,
z_onepointdemo.c,,,,,,,,,,,,,,,,,,,,,,,,,,,,,,,,,,,,05F820,8007C680,4120,05F820,8007C680,4120,056970,80067870,3FA0,5F820,8007C680,4120,,,,,,,,,,
z_map_exp.c,,,,,,,,,,,,,,,,,,,,,,,,,,,,,,,,,,,,063940,800807A0,1E40,063940,800807A0,1E40,05A910,8006B810,1BA0,63940,800807A0,1E40,,,,,,,,,,
z_parameter.c,,,,,,,,,,,,,,,,,,,,,,,,,,,,,,,,,,,,065780,800825E0,BF00,065780,800825E0,BF00,,,,65780,800825E0,BF00,,,,,,,,,,
z_path.c,,,,,,,,,,,,,,,,,,,,,,,,,,,,,,,,,067BA0,80078AA0,1D0,071680,8008E4E0,1C0,071680,8008E4E0,1C0,067BA0,80078AA0,1D0,71680,8008E4E0,1C0,,,,,,,,,,
code_8008E6A0.c,,,,,,,,,,,,,,,,,,,,,,,,,,,,,,,,,067D70,80078C70,B0,071840,8008E6A0,B0,071840,8008E6A0,B0,067D70,80078C70,B0,71840,8008E6A0,B0,,,,,,,,,,
z_player_lib.c,,,,,,,,,,,,,,,,,,,,,,,,,,,,,,,,,067E20,80078D20,,0718F0,8008E750,3BD0,0718F0,8008E750,3BD0,067E20,80078D20,,718F0,8008E750,3BD0,,,,,,,,,,
z_prenmi.c,,,,,,,,,,,,,,,,,,,,,,,,,,,,,,,,,06B890,8007C790,1A0,0754C0,80092320,1E0,0754C0,80092320,1E0,06B890,8007C790,1A0,754C0,80092320,1E0,,,,,,,,,,
z_quake.c,,,,,,,,,,,,,,,,,,,,,,,,,,,,,,,,,06BA30,8007C930,E70,0756A0,80092500,E70,0756A0,80092500,E70,06BA30,8007C930,E70,756A0,80092500,E70,,,,,,,,,,
z_rcp.c,,,,,,,,,,,,,,,,,,,,,,,,,,,,,,,,,,,,076510,80093370,2730,076510,80093370,2730,06C8A0,8007D7A0,18C0,76510,80093370,2730,,,,,,,,,,
z_room.c,,,,,,,,,,,,,,,,,,,,,,,,,,,,,,,,,,,,078C40,80095AA0,1B30,078C40,80095AA0,1B30,06E160,8007F060,17F0,78C40,80095AA0,1B30,,,,,,,,,,
z_sample.c,,,,,,,,,,,,,,,,,,,,,,,,,,,,,,,,,06F950,80080850,400,07A770,800975D0,430,07A770,800975D0,430,06F950,80080850,400,7A770,800975D0,430,,,,,,,,,,
code_80097A00.c,,,,,,,,,,,,,,,,,,,,,,,,,,,,,,,,,06FD50,80080C50,1C0,07ABA0,80097A00,200,07ABA0,80097A00,200,06FD50,80080C50,1C0,7ABA0,80097A00,200,,,,,,,,,,
z_scene.c,,,,,,,,,,,,,,,,,,,,,06FF80,80080E60,,06FF80,80080E60,,06FF60,80080E40,,06FF60,80080E40,,06FF10,80080E10,,07ADA0,80097C00,18A0,07ADA0,80097C00,18A0,06FF10,80080E10,,7ADA0,80097C00,18A0,06FF60,80080E40,,,,,,,,
z_scene_table.c,,,,,,,,,,,,,,,,,,,,,,,,,,,,,,,,,,,,07C640,800994A0,7420,07C640,800994A0,7420,,,,7C640,800994A0,7400,,,,,,,,,,
z_skelanime.c,,,,,,,,,,,,,,,,,,,,,077C30,80088B10,,077C10,80088AF0,,077C10,80088AF0,,077BF0,80088AD0,,077BC0,80088AC0,,83A60,800A08C0,4F20,83A60,800A08C0,4F20,077BA0,80088AA0,49F0,83A40,800A08A0,4F20,077C10,80088AF0,,,,,,,,
z_skin.c,,,,,,,,,,,,,,,,,,,,,,,,,,,,,,,,,,,,88980,800A57E0,CA0,88980,800A57E0,CA0,07C590,8008D490,BA0,88960,800A57C0,CA0,,,,,,,,,,
z_skin_awb.c,,,,,,,,,,,,,,,,,,,,,,,,,,,,,,,,,,,,89620,800A6480,9B0,89620,800A6480,9B0,07D130,8008E030,910,89600,800A6460,9B0,,,,,,,,,,
z_skin_matrix.c,,,,,,,,,,,,,,,,,,,,,,,,,,,,,,,,,,,,89FD0,800A6E30,1390,89FD0,800A6E30,1390,07DA40,8008E940,13A0,89FB0,800A6E10,1390,,,,,,,,,,
z_sram.c,,,,,,,,,,,,,,,,,,,,,,,,,,,,,,,,,,,,8B360,800A81C0,1BA0,8B360,800A81C0,1BA0,07EDE0,8008FCE0,1440,8B340,800A81A0,1BA0,,,,,,,,,,
z_ssram.c,,,,,,,,,,,,,,,,,,,,,,,,,,,,,,,,,80240,80091140,1D0,8CF00,800A9D60,1F0,8CF00,800A9D60,1F0,080220,80091120,1D0,8CEE0,800A9D40,1F0,,,,,,,,,,
code_800A9F30.c,,,,,,,,,,,,,,,,,,,,,,,,,,,,,,,,,080410,80091310,280,8D0F0,800A9F50,260,8D0F0,800A9F50,260,0803F0,800912F0,280,8D0D0,800A9F30,260,,,,,,,,,,
z_view.c,,Last function is gone on retail,,,,,,,,,,,,,,,,,,,,,,,,,,,,,,,,,,8D350,800AA1B0,1EA0,8D350,800AA1B0,1EA0,080670,80091570,170C,8D330,800AA190,1EA0,,,,,,,,,,
z_vimode.c,,First function is gone on retail,,,,,,,,,,,,,,,,,,,,,,,,,,,,,,,,,,8F1F0,800AC050,E40,8F1F0,800AC050,E40,081D7C,80092C7C,B64,8F1D0,800AC030,E40,,,,,,,,,,
code_800ACE70.c,,,,,,,,,,,,,,,,,,,,,,,,,,,,,,,,,,,,90030,800ACE90,190,90030,800ACE90,190,0828E0,800937E0,1A0,90010,800ACE70,190,,,,,,,,,,
z_vismono.c,,,,,,,,,,,,,,,,,,,,,,,,,,,,,,,,,,,,901C0,800AD020,920,901C0,800AD020,920,082A80,80093980,820,901A0,800AD000,920,,,,,,,,,,
code_800AD920.c,,,,,,,,,,,,,,,,,,,,,,,,,,,,,,,,,,,,90AE0,800AD940,290,90AE0,800AD940,290,0832A0,800941A0,290,90AC0,800AD920,290,,,,,,,,,,
z_vr_box.c,,,,,,,,,,,,,,,,,,,,,,,,,,,,,,,,,,,,90D70,800ADBD0,3480,90D70,800ADBD0,3480,083530,80094430,28D0,90D50,800ADBB0,3480,,,,,,,,,,
z_vr_box_draw.c,,,,,,,,,,,,,,,,,,,,,,,,,,,,,,,,,,,,941F0,800B1050,720,941F0,800B1050,720,085E00,80096D00,6E0,941D0,800B1030,720,,,,,,,,,,
z_player_call.c,,,,,,,,,,,,,,,,,,,,,,,,,,,,,,,,,,,,94910,800B1770,160,94910,800B1770,160,0864E0,800973E0,170,948F0,800B1750,160,,,,,,,,,,
z_fbdemo.c,,,,,,,,,,,,,,,,,,,,,,,,,,,,,,,,,,,,94A70,800B18D0,B50,94A70,800B18D0,B50,086650,80097550,A20,94A50,800B18B0,B50,,,,,,,,,,
z_fbdemo_triforce.c,,,,,,,,,,,,,,,,,,,,,,,,,,,,,,,,,,,,955C0,800B2420,5D0,955C0,800B2420,5D0,087070,80097F70,5C0,955A0,800B2400,5D0,,,,,,,,,,
z_fbdemo_wipe1.c,,,,,,,,,,,,,,,,,,,,,,,,,,,,,,,,,,,,95B90,800B29F0,460,95B90,800B29F0,460,087630,80098530,470,95B70,800B29D0,460,,,,,,,,,,
z_fbdemo_circle.c,,,,,,,,,,,,,,,,,,,,,,,,,,,,,,,,,,,,95FF0,800B2E50,6B0,95FF0,800B2E50,6B0,087AA0,800989A0,6C0,95FD0,800B2E30,6B0,,,,,,,,,,
z_fbdemo_fade.c,,,,,,,,,,,,,,,,,,,,,,,,,,,,,,,,,,,,966A0,800B3500,360,966A0,800B3500,360,088160,80099060,360,96680,800B34E0,360,,,,,,,,,,
shrink_window.c,,,,,,,,,,,,,,,,,,,,,,,,,,,,,,,,,,,,96A00,800B3860,310,96A00,800B3860,310,0884C0,800993C0,170,969E0,800B3840,310,,,,,,,,,,
db_camera.c,,,,,,,,,,,,,,,,,,,,,,,,,,,,,,,,,,,,96D10,800B3B70,7550,96D10,800B3B70,7550,,,,96CF0,800B3B50,7550,,,,,,,,,,
code_800BB0A0.c,,,,,,,,,,,,,,,,,,,,,,,,,,,,,,,,,,,,9E260,800BB0C0,4D0,9E260,800BB0C0,4D0,088630,80099530,4D0,9E240,800BB0A0,4D0,,,,,,,,,,
mempak.c,,,,,,,,,,,,,,,,,,,,,,,,,,,,,,,,,,,,9E730,800BB590,720,9E730,800BB590,720,,,,9E710,800BB570,720,,,,,,,,,,
z_kaleido_manager.c,,,,,,,,,,,,,,,,,,,,,,,,,,,,,,,,,,,,9EE50,800BBCB0,330,9EE50,800BBCB0,330,088B00,80099A00,230,9EE30,800BBC90,330,,,,,,,,,,
z_kaleido_scope_call.c,,,,,,,,,,,,,,,,,,,,,,,,,,,,,,,,,,,,9F180,800BBFE0,490,9F180,800BBFE0,490,088D30,80099C30,2E0,9F160,800BBFC0,490,,,,,,,,,,
z_play.c,,,,,,,,,,,,,,,,,,,,,,,,,,,,,,,,,,,,9F610,800BC470,4A20,9F610,800BC470,4A20,089010,80099F10,3A60,9F5F0,800BC450,4A20,088F80,80099E60,,,,,,,,
PreRender.c,,,,,,,,,,,,,,,,,,,,,,,,,,,,,,,,,,,,A4030,800C0E90,2A10,A4030,800C0E90,2A10,08CA70,8009D970,,A4010,800C0E70,2A10,,,,,,,,,,
TwoHeadArena.c,,,,,,,,,,,,,,,,,,,,,,,,,,,,,,,,,,,,A6A40,800C38A0,3A0,A6A40,800C38A0,3A0,,,,A6A20,800C3880,3A0,,,,,,,,,,
code_800C3C20.c,,,,,,,,,,,,,,,,,,,,,,,,,,,,,,,,,08EF50,8009FE50,50,A6DE0,800C3C40,60,A6DE0,800C3C40,60,08EF30,8009FE30,50,A6DC0,800C3C20,60,,,,,,,,,,
audioMgr.c,,,,,,,,,,,,,,,,,,,,,,,,,,,,,,,,,,,,A6E40,800C3CA0,430,A6E40,800C3CA0,430,08EF80,8009FE80,410,A6E20,800C3C80,430,,,,,,,,,,
title_setup.c,,,08F510,800A05B0,70,08F660,800A0700,70,08F670,800A0710,70,8F770,800A0E50,70,08F710,800A0DF0,70,08F7B0,800A0E90,70,08F320,800A0200,70,08F300,800A01E0,70,08F300,800A01E0,70,08F2E0,800A01C0,70,08F3B0,800A02B0,70,A7270,800C40D0,80,A7270,800C40D0,80,08F390,800A0290,70,A7250,800C40B0,80,08F300,800A01E0,70,08D7C0,800A6760,70,08D970,800A63B0,70,
game.c,,,,,,,,,,,,,,,,,,,,,,,,,,,,,,,,,,,,A72F0,800C4150,14A0,A72F0,800C4150,14A0,08F400,800A0300,780,A72D0,800C4130,14A0,,,,,,,,,,
gamealloc.c,,,,,,,,,,,,,,,,,,,,,,,,,,,,,,,,,,,,A8790,800C55F0,280,A8790,800C55F0,280,08FB80,800A0A80,140,A8770,800C55D0,280,,,,,,,,,,
graph.c,,,,,,,,,,,,,,,,,,,,,,,,,,,,,,,,,,,,A8A10,800C5870,1420,A8A10,800C5870,1420,08FCC0,800A0BC0,,A89F0,800C5850,1420,,,,,,,,,,
listalloc.c,,,,,,,,,,,,,,,,,,,,,,,,,,,,,,,,,0906E0,800A15E0,150,A9E30,800C6C90,160,A9E30,800C6C90,160,0906C0,800A15C0,150,A9E10,800C6C70,160,,,,,,,,,,
main.c,,,,,,,,,,,,,,,,,,,,,,,,,,,,,,,,,090830,800A1730,,A9F90,800C6DF0,480,A9F90,800C6DF0,480,090810,800A1710,360,A9F70,800C6DD0,480,,,,,,,,,,
padmgr.c,,,,,,,,,,,,,,,,,,,,,,,,,,,,,,,,,,,,AA410,800C7270,1050,AA410,800C7270,1050,090B70,800A1A70,B10,AA3F0,800C7250,1050,,,,,,,,,,
sched.c,,,,,,,,,,,,,,,,,,,,,,,,,,,,,,,,,,,,AB460,800C82C0,16A0,AB460,800C82C0,16A0,091680,800A2580,C80,AB440,800C82A0,16A0,,,,,,,,,,
speed_meter.c,,,,,,,,,,,,,,,,,,,,,,,,,,,,,,,,,,,,ACB00,800C9960,A60,ACB00,800C9960,A60,092300,800A3200,A40,ACAE0,800C9940,A60,,,,,,,,,,
sys_cfb.c,,,,,,,,,,,,,,,,,,,,,,,,,,,,,,,,,092D60,800A3C60,110,AD560,800CA3C0,1A0,AD560,800CA3C0,1A0,092D40,800A3C40,110,AD540,800CA3A0,1A0,,,,,,,,,,
sys_math.c,,,,,,,,,,,,,,,,,,,,,,,,,,,,,,,,,092E70,800A3D70,2B0,AD700,800CA560,290,AD700,800CA560,290,092E50,800A3D50,2B0,AD6E0,800CA540,290,,,,,,,,,,
sys_math3d.c,,,,,,,,,,,,,,,,,,,,,,,,,,,,,,,,,093120,800A4020,,AD990,800CA7F0,5E20,AD990,800CA7F0,5E20,093100,800A4000,,AD970,800CA7D0,5E20,,,,,,,,,,
sys_math_atan.c,,,099280,800AA320,230,0993E0,800AA480,230,0993E0,800AA480,230,0993D0,800AAAB0,230,099370,800AAA50,230,099410,800AAAF0,230,098E50,800A9D30,230,098E30,800A9D10,230,098E30,800A9D10,230,098E10,800A9CF0,230,098EF0,800A9DF0,230,B37B0,800D0610,220,B37B0,800D0610,220,098ED0,800A9DD0,230,B3790,800D05F0,220,098E30,800A9D10,230,0972F0,800B0290,230,0974B0,800AFEF0,230,
sys_matrix.c,,,,,,,,,,,,,,,,,,,,,,,,,,,,,,,,,099120,800AA020,,B39D0,800D0830,25E0,B39D0,800D0830,25E0,099100,800AA000,,B39B0,800D0810,25E0,,,,,,,,,,
sys_ucode.c,,,,,,,,,,,,,,,,,,,,,,,,,,,,,,,,,09B520,800AC420,50,B5FB0,800D2E10,40,B5FB0,800D2E10,40,09B500,800AC400,50,B5F90,800D2DF0,40,,,,,,,,,,
code_800D2E30.c,,,,,,,,,,,,,,,,,,,,,,,,,,,,,,,,,,,,B5FF0,800D2E50,370,B5FF0,800D2E50,370,09B550,800AC450,360,B5FD0,800D2E30,370,,,,,,,,,,
code_800D31A0.c,,,,,,,,,,,,,,,,,,,,,,,,,,,,,,,,,,,,B6360,800D31C0,80,B6360,800D31C0,80,09B8B0,800AC7B0,30,B6340,800D31A0,80,,,,,,,,,,
irqmgr.c,,,,,,,,,,,,,,,,,,,,,,,,,,,,,,,,,,,,B63E0,800D3240,870,B63E0,800D3240,870,09B8E0,800AC7E0,620,B63C0,800D3220,870,,,,,,,,,,
debug_malloc.c,,,,,,,,,,,,,,,,,,,,,,,,,,,,,,,,,,,,B6C50,800D3AB0,490,B6C50,800D3AB0,490,,,,B6C30,800D3A90,490,,,,,,,,,,
fault.c,,,,,,,,,,,,,,,,,,,,,,,,,,,,,,,,,,,,B70E0,800D3F40,2850,B70E0,800D3F40,2850,09BF00,800ACE00,2850,B70C0,800D3F20,2850,,,,,,,,,,
faut_drawer.c,,,,,,,,,,,,,,,,,,,,,,,,,,,,,,,,,09E770,800AF670,A80,B9930,800D6790,A80,B9930,800D6790,A80,09E750,800AF650,A80,B9910,800D6770,A80,,,,,,,,,,
code_800D71F0.s,,Handwritten,09E510,800AF5B0,AE0,09E6F0,800AF790,AE0,09E6F0,800AF790,AE0,09E770,800AFE50,AE0,09E710,800AFDF0,AE0,09E7B0,800AFE90,AE0,09F150,800B0030,AE0,09F130,800B0010,AE0,09F130,800B0010,AE0,09F110,800AFFF0,AE0,09F1F0,800B00F0,AE0,0BA3B0,800D7210,AE0,0BA3B0,800D7210,AE0,09F1D0,800B00D0,AE0,BA390,800D71F0,AE0,09F130,800B0010,AE0,09D5F0,800B6590,AE0,09D7B0,800B61F0,AE0,
ucode_disas.c,,,,,,,,,,,,,,,,,,,,,,,,,,,,,,,,,,,,BAE90,800D7CF0,2FF0,BAE90,800D7CF0,2FF0,,,,BAE70,800D7CD0,2FF0,,,,,,,,,,
code_800DACC0.c,,,,,,,,,,,,,,,,,,,,,,,,,,,,,,,,,,,,BDE80,800DACE0,3160,BDE80,800DACE0,3160,,,,BDE60,800DACC0,3160,,,,,,,,,,
audio_heap.c,,,,,,,,,,,,,,,,,,,,,,,,,,,,,,,,,,,,C0FE0,800DDE40,33D0,C0FE0,800DDE40,33D0,,,,C0FC0,800DDE20,33D0,,,,,,,,,,
code_800E11F0.c,,,,,,,,,,,,,,,,,,,,,,,,,,,,,,,,,,,,C43B0,800E1210,5650,C43B0,800E1210,5650,,,,C4390,800E11F0,5650,,,,,,,,,,
code_800E6840.c,,,,,,,,,,,,,,,,,,,,,,,,,,,,,,,,,AB860,800BC760,80,C9A00,800E6860,80,C9A00,800E6860,80,0AB840,800BC740,80,C99E0,800E6840,80,,,,,,,,,,
osAiSetNextBuffer,,,,,,,,,,,,,,,,,,,,,,,,,,,,,,,,,AB8E0,800BC7E0,80,C9A80,800E68E0,80,C9A80,800E68E0,80,0AB8C0,800BC7C0,80,C9A60,800E68C0,80,,,,,,,,,,
audio_playback.c,,,,,,,,,,,,,,,,,,,,,,,,,,,,,,,,,AB960,800BC860,1F80,C9B00,800E6960,1F80,C9B00,800E6960,1F80,0AB940,800BC840,1F80,C9AE0,800E6940,1F80,,,,,,,,,,
audio_effects.c,,,,,,,,,,,,,,,,,,,,,,,,,,,,,,,,,AD8E0,800BE7E0,A80,CBA80,800E88E0,A80,CBA80,800E88E0,A80,0AD8C0,800BE7C0,A80,CBA60,800E88C0,A80,,,,,,,,,,
audio_seqplayer.c,,,,,,,,,,,,,,,,,,,,,,,,,,,,,,,,,AE360,800BF260,3620,CC500,800E9360,3620,CC500,800E9360,3620,0AE340,800BF240,3620,CC4E0,800E9340,3620,,,,,,,,,,
code_800EC960.c,,,,,,,,,,,,,,,,,,,,,,,,,,,,,,,,,0B1980,800C2880,,CFB20,800EC980,A900,CFB20,800EC980,A900,0B1960,800C2860,,CFB00,800EC960,A900,,,,,,,,,,
code_800F7260.c,,,,,,,,,,,,,,,,,,,,,,,,,,,,,,,,,,,,DA420,800F7280,2020,DA420,800F7280,2020,0B7AF0,800C89F0,1E60,DA400,800F7260,2020,,,,,,,,,,
code_800F9280.c,,,,,,,,,,,,,,,,,,,,,,,,,,,,,,,,,,,,DC440,800F92A0,1CE0,DC440,800F92A0,1CE0,0B9950,800CA850,1C20,DC420,800F9280,1CE0,,,,,,,,,,
logseverity.c,,,,,,,,,,,,,,,,,,,,,,,,,,,,,,,,,,,,,,,,,,,,,DE100,800FAF60,0,,,,,,,,,,
gfxprint.c,,,,,,,,,,,,,,,,,,,,,,,,,,,,,,,,,,,,DE120,800FAF80,D80,DE120,800FAF80,D80,0BB570,800CC470,D70,DE100,800FAF60,D80,,,,,,,,,,
code_800FBCE0.c,,,,,,,,,,,,,,,,,,,,,,,,,,,,,,,,,0BC300,800CD200,60,DEEA0,800FBD00,330,DEEA0,800FBD00,330,0BC2E0,800CD1E0,60,DEE80,800FBCE0,330,,,,,,,,,,
loadfragment2.c,,,,,,,,,,,,,,,,,,,,,,,,,,,,,,,,,0BC360,800CD260,60,DF1D0,800FC030,B0,DF1D0,800FC030,B0,0BC340,800CD240,60,DF1B0,800FC010,B0,,,,,,,,,,
mtxuty-cvt.c,,Moved at least,,,,,,,,,,,,,,,,,,,,,,,,,,,,,,,,,,DF280,800FC0E0,200,DF280,800FC0E0,200,,,,DF260,800FC0C0,200,,,,,,,,,,
relocation.c,,,,,,,,,,,,,,,,,,,,,,,,,,,,,,,,,,,,DF480,800FC2E0,360,DF480,800FC2E0,360,0BC3A0,800CD2A0,240,DF460,800FC2C0,360,,,,,,,,,,
code_800FC620.c,,,,,,,,,,,,,,,,,,,,,,,,,,,,,,,,,,,,DF7E0,800FC640,530,DF7E0,800FC640,530,0BC5E0,800CD4E0,410,DF7C0,800FC620,530,,,,,,,,,,
padutils.c,,,,,,,,,,,,,,,,,,,,,,,,,,,,,,,,,,,,DFD10,800FCB70,1F0,DFD10,800FCB70,1F0,0BC9F0,800CD8F0,1F0,DFCF0,800FCB50,1F0,,,,,,,,,,
padsetup.c,,,,,,,,,,,,,,,,,,,,,,,,,,,,,,,,,,,,DFF00,800FCD60,140,DFF00,800FCD60,140,0BCBE0,800CDAE0,140,DFEE0,800FCD40,140,,,,,,,,,,
code_800FCE80.c,,,,,,,,,,,,,,,,,,,,,,,,,,,,,,,,,,,,E0040,800FCEA0,510,E0040,800FCEA0,510,0BCD20,800CDC20,510,E0020,800FCE80,510,,,,,,,,,,
fp.s,,Handwritten,,,,,,,,,,,,,,,,,,,,,,,,,,,,,,,,,,E0550,800FD3B0,160,E0550,800FD3B0,160,0BD230,800CE130,160,E0530,800FD390,160,,,,,,,,,,
system_malloc.c,,,,,,,,,,,,,,,,,,,,,,,,,,,,,,,,,,,,E06B0,800FD510,480,E06B0,800FD510,480,0BD390,800CE290,1D0,E0690,800FD4F0,480,,,,,,,,,,
code_800FD970.c,,,,,,,,,,,,,,,,,,,,,,,,,,,,,,,,,,,,E0B30,800FD990,1C0,E0B30,800FD990,1C0,0BD560,800CE460,1C0,E0B10,800FD970,1C0,,,,,,,,,,
__osMalloc.c,,,,,,,,,,,,,,,,,,,,,,,,,,,,,,,,,,,,E0CF0,800FDB50,1810,E0CF0,800FDB50,1810,0BD720,800CE620,DB0,E0CD0,800FDB30,1810,,,,,,,,,,
,sprintf.c,In boot on debug,,,,,,,,,,,,,,,,,,,,,,,,,,,,,,,,,,,,,,,,0BE4D0,800CF3D0,D0,,,,,,,,,,,,,
printutils.c,,,,,,,,,,,,,,,,,,,,,,,,,,,,,,,,,BE5C0,800CF4C0,60,E2500,800FF360,60,E2500,800FF360,60,0BE5A0,800CF4A0,60,E24E0,800FF340,60,,,,,,,,,,
sleep.c,,,,,,,,,,,,,,,,,,,,,,,,,,,,,,,,,BE620,800CF520,1A0,E2560,800FF3C0,1A0,E2560,800FF3C0,1A0,0BE600,800CF500,1A0,E2540,800FF3A0,1A0,,,,,,,,,,
jpegutils.c,,,,,,,,,,,,,,,,,,,,,,,,,,,,,,,,,BE7C0,800CF6C0,510,E2700,800FF560,510,E2700,800FF560,510,0BE7A0,800CF6A0,510,E26E0,800FF540,510,,,,,,,,,,
jpegdecoder,,,,,,,,,,,,,,,,,,,,,,,,,,,,,,,,,BECD0,800CFBD0,5F0,E2C10,800FFA70,5F0,E2C10,800FFA70,5F0,0BECB0,800CFBB0,5F0,E2BF0,800FFA50,5F0,,,,,,,,,,
osPfsFreeBlocks.c,,,,,,,,,,,,,,,,,,,,,,,,,,,,,,,,,,,,E3200,80100060,1A0,E3200,80100060,1A0,,,,E31E0,80100040,1A0,,,,,,,,,,
guScale.s,,Handwritten,,,,,,,,,,,,,,,,,,,BF220,,B0,BF200,,B0,BF200,,B0,BF1E0,,B0,BF2C0,800D01C0,B0,E33A0,80100200,B0,E33A0,80100200,B0,0BF2A0,800D01A0,B0,E3380,801001E0,B0,BF200,,B0,,,,,,,
sinf.c,,,,,,,,,,,,,,,,,,,,,,,,,,,,,,,,,BF370,800D0270,1C0,E3450,801002B0,1C0,E3450,801002B0,1C0,0BF350,800D0250,1C0,E3430,80100290,1C0,,,,,,,,,,
sins.c,,,0BE380,800CF420,70,0BE590,800CF630,70,0BE750,800CF7F0,70,0BE7C0,800CFEA0,70,0BE790,800CFE70,70,0BE800,800CFEE0,70,0BF490,800D0370,70,0BF470,800D0350,70,0BF470,800D0350,70,0BF450,800D0330,70,BF530,800D0430,70,E3610,80100470,70,E3610,80100470,70,0BF510,800D0410,70,E35F0,80100450,70,0BF470,800D0350,70,0BFBC0,800D8B60,50,0BFD80,800D87C0,50,
sptask.c,,,,,,,,,,,,,,,,,,,,,,,,,,,,,,,,,BF5A0,800D04A0,2C0,E3680,801004E0,2C0,E3680,801004E0,2C0,0BF580,800D0480,2C0,E3660,801004C0,2C0,,,,,,,,,,
osRumblePack.c,,,,,,,,,,,,,,,,,,,,,,,,,,,,,,,,,BF860,800D0760,3D0,E3940,801007A0,3D0,E3940,801007A0,3D0,0BF840,800D0740,3D0,E3920,80100780,3D0,,,,,,,,,,
__osSiCreateAccessQueue.c,,,,,,,,,,,,,,,,,,,,,,,,,,,,,,,,,BFC30,800D0B30,C0,E3D10,80100B70,C0,E3D10,80100B70,C0,0BFC10,800D0B10,C0,E3CF0,80100B50,C0,,,,,,,,,,
osContInit.c,,,,,,,,,,,,,,,,,,,,,,,,,,,,,,,,,BFCF0,800D0BF0,2E0,E3DD0,80100C30,2E0,E3DD0,80100C30,2E0,0BFCD0,800D0BD0,2E0,E3DB0,80100C10,2E0,,,,,,,,,,
osContStartReadData.c,,,,,,,,,,,,,,,,,,,,,,,,,,,,,,,,,BFFD0,800D0ED0,1E0,E40B0,80100F10,1E0,E40B0,80100F10,1E0,0BFFB0,800D0EB0,1E0,E4090,80100EF0,1E0,,,,,,,,,,
guPerspectiveF.c,,,,,,,,,,,,,,,,,,,,,,,,,,,,,,,,,C01B0,800D10B0,290,E4290,801010F0,290,E4290,801010F0,290,0C0190,800D1090,290,E4270,801010D0,290,,,,,,,,,,
__osSpRawStartDma.c,,,,,,,,,,,,,,,,,,,,,,,,,,,,,,,,,C0440,800D1340,90,E4520,80101380,90,E4520,80101380,90,0C0420,800D1320,90,E4500,80101360,90,,,,,,,,,,
__osSiRawStartDma.c,,,,,,,,,,,,,,,,,,,,,,,,,,,,,,,,,C04D0,800D13D0,B0,E45B0,80101410,B0,E45B0,80101410,B0,0C04B0,800D13B0,B0,E4590,801013F0,B0,,,,,,,,,,
osSpTaskYield.c,,,,,,,,,,,,,,,,,,,,,,,,,,,,,,,,,C0580,800D1480,20,E4660,801014C0,20,E4660,801014C0,20,0C0560,800D1460,20,E4640,801014A0,20,,,,,,,,,,
pfsreadwritefile.c,,,,,,,,,,,,,,,,,,,,,,,,,,,,,,,,,,,,E4680,801014E0,450,E4680,801014E0,450,,,,E4660,801014C0,450,,,,,,,,,,
__osPfsGetStatus.c,,,,,,,,,,,,,,,,,,,,,,,,,,,,,,,,,-,-,-,E4AD0,80101930,230,E4AD0,80101930,230,-,-,-,E4AB0,80101910,230,,,,,,,,,,
guMtxIdentF.s,,Handwritten,,,,,,,,,,,,,,,,,,,,,,,,,,,,,,,C05A0,800D14A0,50,E4D00,80101B60,50,E4D00,80101B60,50,0C0580,800D1480,50,E4CE0,80101B40,50,,,,,,,,,,
guLookAt.c,,,,,,,,,,,,,,,,,,,,,,,,,,,,,,,,,C05F0,800D14F0,320,E4D50,80101BB0,320,E4D50,80101BB0,320,0C05D0,800D14D0,320,E4D30,80101B90,320,,,,,,,,,,
pfsallocatefile.c,,,,,,,,,,,,,,,,,,,,,,,,,,,,,,,,,,,,E5070,80101ED0,480,E5070,80101ED0,480,,,,E5050,80101EB0,480,,,,,,,,,,
osStopTimer.c,,,,,,,,,,,,,,,,,,,,,,,,,,,,,,,,,C0910,800D1810,F0,E54F0,80102350,F0,E54F0,80102350,F0,0C08F0,800D17F0,F0,E54D0,80102330,F0,,,,,,,,,,
contpfs.c,,,,,,,,,,,,,,,,,,,,,,,,,,,,,,,,,,,,E55E0,80102440,B80,E55E0,80102440,B80,,,,E55C0,80102420,B80,,,,,,,,,,
guMtxL2F.s,,Handwritten,,,,,,,,,,,,,,,,,,,,,,,,,,,,,,,,,,E6160,80102FC0,70,E6160,80102FC0,70,,,,E6140,80102FA0,70,,,,,,,,,,
osPfsFindFile.c,,,,,,,,,,,,,,,,,,,,,,,,,,,,,,,,,,,,E61D0,80103030,1D0,E61D0,80103030,1D0,,,,E61B0,80103010,1D0,,,,,,,,,,
sqrtf,,,BFB10,800D0BB0,10,BFD20,800D0DC0,10,BFEE0,800D0F80,10,BFF50,800D1630,10,BFF20,800D1600,10,BFF90,800D1670,10,C0960,800D1840,10,C0940,800D1820,10,C0940,800D1820,10,C0920,800D1800,10,C0A00,800D1900,10,E63A0,80103200,10,E63A0,80103200,10,0C09E0,800D18E0,10,E6380,801031E0,10,0C0940,800D1820,10,BE790,800D7730,10,BE950,800D7390,10,
osAfterPreNMI.c,,,,,,,,,,,,,,,,,,,,,,,,,,,,,,,,,C0A10,800D1910,20,E63B0,80103210,20,E63B0,80103210,20,0C09F0,800D18F0,20,E6390,801031F0,20,,,,,,,,,,
contquery.c,,,,,,,,,,,,,,,,,,,,,,,,,,,,,,,,,C0A30,800D1930,A0,E63D0,80103230,A0,E63D0,80103230,A0,0C0A10,800D1910,A0,E63B0,80103210,A0,,,,,,,,,,
guLookAtHilite.c,,,,,,,,,,,,,,,,,,,,,,,,,,,,,,,,,C0AD0,800D19D0,880,E6470,801032D0,880,E6470,801032D0,880,0C0AB0,800D19B0,880,E6450,801032B0,880,,,,,,,,,,
,_Printf.c,In boot on debug,,,,,,,,,,,,,,,,,,,,,,,,,,,,,,,C1350,800D2250,CE0,-,-,-,-,-,-,0C1330,800D2230,CE0,-,-,-,,,,,,,,,,
,string.c,In boot on debug,,,,,,,,,,,,,,,,,,,,,,,,,,,,,,,C2030,800D2F30,A0,-,-,-,-,-,-,0C2010,800D2F10,A0,-,-,-,,,,,,,,,,
sp.c,,,,,,,,,,,,,,,,,,,,,,,,,,,,,,,,,C20D0,800D2FD0,30,E6CF0,80103B50,30,E6CF0,80103B50,30,0C20B0,800D2FB0,30,E6CD0,80103B30,30,,,,,,,,,,
guMtxIdent.s,,Handwritten,,,,,,,,,,,,,,,,,,,C2060,800D2F40,50,C2040,800D2F20,50,C2040,800D2F20,50,C2020,800D2F00,50,C2100,800D3000,50,E6D20,80103B80,50,E6D20,80103B80,50,0C20E0,800D2FE0,50,E6D00,80103B60,50,C2040,800D2F20,50,C1880,800DA820,60,C14A0,800D9EE0,60,
guPosition.c,,,,,,,,,,,,,,,,,,,,,,,,,,,,,,,,,C2150,800D3050,210,E6D70,80103BD0,210,E6D70,80103BD0,210,0C2130,800D3030,210,E6D50,80103BB0,210,,,,,,,,,,
osSpTaskYielded.c,,,,,,,,,,,,,,,,,,,,,,,,,,,,,,,,,C2360,800D3260,60,E6F80,80103DE0,60,E6F80,80103DE0,60,0C2340,800D3240,60,E6F60,80103DC0,60,,,,,,,,,,
rotate.c,,,,,,,,,,,,,,,,,,,,,,,,,,,,,,,,,C23C0,800D32C0,1D0,E6FE0,80103E40,1D0,E6FE0,80103E40,1D0,0C23A0,800D32A0,1D0,E6FC0,80103E20,1D0,,,,,,,,,,
osAiSetFrequency.c,,,,,,,,,,,,,,,,,,,,,,,,,,,,,,,,,C2590,800D3490,150,E71B0,80104010,150,E71B0,80104010,150,0C2570,800D3470,150,E7190,80103FF0,150,,,,,,,,,,
__osGetActiveQueue.c,,,,,,,,,,,,,,,,,,,,,,,,,,,,,,,,,C26E0,800D35E0,20,E7300,80104160,20,E7300,80104160,20,0C26C0,800D35C0,20,E72E0,80104140,20,,,,,,,,,,
guNormalize.s,,Handwritten,,,,,,,,,,,,,,,,,,,,,,,,,,,,,,,C2700,800D3600,60,E7320,80104180,60,E7320,80104180,60,0C26E0,800D35E0,60,E7300,80104160,60,,,,,,,,,,
osDpGetStatus.c,,,,,,,,,,,,,,,,,,,,,,,,,,,,,,,,,C2760,800D3660,10,E7380,801041E0,10,E7380,801041E0,10,0C2740,800D3640,10,E7360,801041C0,10,,,,,,,,,,
osDpSetStatus.c,,,,,,,,,,,,,,,,,,,,,,,,,,,,,,,,,C2770,800D3670,10,E7390,801041F0,10,E7390,801041F0,10,0C2750,800D3650,10,E7370,801041D0,10,,,,,,,,,,
osPfsDeleteFile.c,,,,,,,,,,,,,,,,,,,,,,,,,,,,,,,,,,,,E73A0,80104200,270,E73A0,80104200,270,,,,E7380,801041E0,270,,,,,,,,,,
ortho.c,,,,,,,,,,,,,,,,,,,,,,,,,,,,,,,,,C2780,800D3680,1C0,E7610,80104470,1C0,E7610,80104470,1C0,0C2760,800D3660,1C0,E75F0,80104450,1C0,,,,,,,,,,
cosf.c,,,,,,,,,,,,,,,,,,,,,,,,,,,,,,,,,C2940,800D3840,170,E77D0,80104630,170,E77D0,80104630,170,0C2920,800D3820,170,E77B0,80104610,170,,,,,,,,,,
coss.c,,,,,,,,,,,,,,,,,,,,,,,,,,,,,,,,,C2AB0,800D39B0,30,E7940,801047A0,30,E7940,801047A0,30,0C2A90,800D3990,30,E7920,80104780,30,,,,,,,,,,
osViSetEvent.c,,,,,,,,,,,,,,,,,,,,,,,,,,,,,,,,,0C2AE0,800D39E0,60,E7970,801047D0,60,E7970,801047D0,60,0C2AC0,800D39C0,60,E7950,801047B0,60,,,,,,,,,,
osPfsIsPlug.c,,,,,,,,,,,,,,,,,,,,,,,,,,,,,,,,,,,,E79D0,80104830,2F0,E79D0,80104830,2F0,,,,E79B0,80104810,2F0,,,,,,,,,,
guS2DInitBg.c,,,,,,,,,,,,,,,,,,,,,,,,,,,,,,,,,C2B40,800D3A40,180,E7CC0,80104B20,180,E7CC0,80104B20,180,0C2B20,800D3A20,180,E7CA0,80104B00,180,,,,,,,,,,
__osPfsSelectBank.c,,,,,,,,,,,,,,,,,,,,,,,,,,,,,,,,,C2CC0,800D3BC0,80,E7E40,80104CA0,80,E7E40,80104CA0,80,0C2CA0,800D3BA0,80,E7E20,80104C80,80,,,,,,,,,,
osContSetCh.c,,,,,,,,,,,,,,,,,,,,,,,,,,,,,,,,,0C2D40,800D3C40,60,E7EC0,80104D20,60,E7EC0,80104D20,60,0C2D20,800D3C20,60,E7EA0,80104D00,60,,,,,,,,,,
osPfsFileState.c,,,,,,,,,,,,,,,,,,,,,,,,,,,,,,,,,,,,E7F20,80104D80,1E0,E7F20,80104D80,1E0,,,,E7F00,80104D60,1E0,,,,,,,,,,
pfsinitpak.c,,,,,,,,,,,,,,,,,,,,,,,,,,,,,,,,,,,,E8100,80104F60,310,E8100,80104F60,310,,,,E80E0,80104F40,310,,,,,,,,,,
pfschecker.c,,,,,,,,,,,,,,,,,,,,,,,,,,,,,,,,,,,,E8410,80105270,9B0,E8410,80105270,9B0,,,,E83F0,80105250,9B0,,,,,,,,,,
osAiGetLength.c,,,C2030,,10,C2240,,10,C2400,,10,C22C0,,10,C2290,,10,C2300,,10,C2D00,,20,C2CE0,,20,C2CE0,,20,C2CC0,,20,C2DA0,800D3CA0,20,E8DC0,80105C20,20,E8DC0,80105C20,20,0C2D80,800D3C80,20,E8DA0,80105C00,20,C2CE0,800D3BC0,20,,,,,,,
guTranslate.s,,"Handwritten, 4w padding at start",,,,,,,,,,,,,,,,,,,C2D20,,D0,C2D00,,D0,C2D00,,D0,C2CE0,,D0,C2DC0,800D3CC0,D0,E8DE0,80105C40,D0,E8DE0,80105C40,D0,0C2DA0,800D3CA0,D0,E8DC0,80105C20,D0,C2D00,800D3BE0,D0,,,,,,,
__osContRamWrite.c,,,,,,,,,,,,,,,,,,,,,,,,,,,,,,,,,C2E90,800D3D90,250,E8EB0,80105D10,250,E8EB0,80105D10,250,0C2E70,800D3D70,250,E8E90,80105CF0,250,,,,,,,,,,
,__osPfsGetStatus.c,,,,,,,,,,,,,,,,,,,,,,,,,,,,,,,,C30E0,800D3FE0,230,-,-,-,-,-,-,0C30C0,800D3FC0,230,-,-,-,,,,,,,,,,
,,,,,,,,,,,,,,,,,,,,,,,,,,,,,,,,,C3310,800D4210,B80,-,-,-,-,-,-,0C32F0,800D41F0,B80,-,-,-,,,,,,,,,,
__osContRamRead.c,,,,,,,,,,,,,,,,,,,,,,,,,,,,,,,,,C3E90,800D4D90,230,E9100,80105F60,230,E9100,80105F60,230,0C3E70,800D4D70,230,E90E0,80105F40,230,,,,,,,,,,
__osContAddressCrc.c,,,,,,,,,,,,,,,,,,,,,,,,,,,,,,,,,C40C0,800D4FC0,170,E9330,80106190,170,E9330,80106190,170,0C40A0,800D4FA0,170,E9310,80106170,170,,,,,,,,,,
,,,,,,,,,,,,,,,,,,,,,,,,,,,,,,,,,C4230,800D5130,2F0,-,-,-,-,-,-,0C4210,800D5110,2F0,-,-,-,,,,,,,,,,
osSetTimer.c,,,,,,,,,,,,,,,,,,,,,,,,,,,,,,,,,C4520,800D5420,190,E94A0,80106300,190,E94A0,80106300,190,0C4500,800D5400,190,E9480,801062E0,190,,,,,,,,,,
,_Ldtob.c,,,,,,,,,,,,,,,,,,,,,,,,,,,,,,,,C46B0,800D55B0,CA0,-,-,-,-,-,-,0C4690,800D5590,B10,-,-,-,,,,,,,,,,
,ldiv.c,,,,,,,,,,,,,,,,,,,,,,,,,,,,,,,,,,,,,,,,,0C51A0,800D60A0,190,,,,,,,,,,,,,
,osViModeFpalLan1,0x50 data only. In boot on debug,,,,,,,,,,,,,,,,,,,,,,,,,,,,,,,,,,-,-,-,-,-,-,,,,-,-,-,,,,,,,,,,
,_Litob.c,In boot on debug,,,,,,,,,,,,,,,,,,,,,,,,,,,,,,,C5350,800D6250,2A0,-,-,-,-,-,-,0C5330,800D6230,2A0,-,-,-,,,,,,,,,,
__osSpGetStatus.c,,,,,,,,,,,,,,,,,,,,,,,,,,,,,,,,,C55F0,800D64F0,10,E9630,80106490,10,E9630,80106490,10,0C55D0,800D64D0,10,E9610,80106470,10,,,,,,,,,,
__osSpSetStatus.c,,,,,,,,,,,,,,,,,,,,,,,,,,,,,,,,,C5600,800D6500,10,E9640,801064A0,10,E9640,801064A0,10,0C55E0,800D64E0,10,E9620,80106480,10,,,,,,,,,,
osWritebackDCacheAll.c,,,,,,,,,,,,,,,,,,,,,,,,,,,,,,,,,C5610,800D6510,30,E9650,801064B0,30,E9650,801064B0,30,0C55F0,800D64F0,30,E9630,80106490,30,,,,,,,,,,
__osGetCurrFaultedThread.c,,,,,,,,,,,,,,,,,,,,,,,,,,,,,,,,,C5640,800D6540,20,E9680,801064E0,20,E9680,801064E0,20,0C5620,800D6520,20,E9660,801064C0,20,,,,,,,,,,
guMtxF2L.s,,Handwritten,,,,,,,,,,,,,,,,,,,C55A0,,70,C5590,,70,C5590,,70,C5570,,70,C5660,800D6560,70,E96A0,80106500,70,E96A0,80106500,70,0C5640,800D6540,70,E9680,801064E0,70,C5590,800D6470,70,,,,,,,
llcvt.c,,,,,,,,,,,,,,,,,,,,,,,,,,,,,,,,,C56D0,800D65D0,210,E9710,80106570,210,E9710,80106570,210,0C56B0,800D65B0,210,E96F0,80106550,210,,,,,,,,,,
osViGetCurrentFramebuffer.c,,,,,,,,,,,,,,,,,,,,,,,,,,,,,,,,,C58E0,800D67E0,40,E9920,80106780,40,E9920,80106780,40,0C58C0,800D67C0,40,E9900,80106760,40,,,,,,,,,,
__osSpSetPc.c,,,,,,,,,,,,,,,,,,,,,,,,,,,,,,,,,C5920,800D6820,30,E9960,801067C0,30,E9960,801067C0,30,0C5900,800D6800,30,E9940,801067A0,30,,,,,,,,,,
,,,,,,,,,,,,,,,,,,,,,,,,,,,,,,,,,,,,,,,,,,,,,,,,,,,C6050,800DEFF0,10,,,,absf.c
sqrt.c,,,C4B20,800D5BC0,10,C4D30,800D5DD0,10,C4EF0,800D5F90,10,C4D50,800D6430,10,C4D20,800D6400,10,C4D90,800D6470,10,C58B0,800D6790,10,C5890,800D6770,10,C5890,800D6770,10,C5870,800D6750,10,C5950,800D6850,10,E9990,801067F0,10,E9990,801067F0,10,0C5930,800D6830,10,E9970,801067D0,10,C5890,800D6770,10,C6060,800DF000,10,C5940,800DE380,10,
absf.c,,,-,,,-,,,-,,,-,,,-,,,-,,,C58C0,800D67A0,10,C58A0,800D6780,10,C58A0,800D6780,10,C5880,800D6760,10,0C5960,800D6860,10,E99A0,80106800,10,E99A0,80106800,10,0C5940,800D6840,10,E9980,801067E0,10,C58A0,800D6780,10,,,,,,,
code_801067F0.c,,,,,,,,,,,,,,,,,,,,,,,,,,,,,,,,,,,,E99B0,80106810,70,E99B0,80106810,70,0C5950,800D6850,50,E9990,801067F0,70,,,,,,,,,,
code_80106860.c,,,,,,,,,,,,,,,,,,,,,,,,,,,,,,,,,C59C0,800D68C0,30,E9A20,80106880,50,E9A20,80106880,50,0C59A0,800D68A0,30,E9A00,80106860,50,,,,,,,,,,
code_801068B0.c,,,,,,,,,,,,,,,,,,,,,,,,,,,,,,,,,C59F0,800D68F0,90,E9A70,801068D0,100,E9A70,801068D0,100,0C59D0,800D68D0,90,E9A50,801068B0,100,,,,,,,,,,
z_message_PAL.c,,,,,,,,,,,,,,,,,,,,,,,,,,,,,,,,,C5A80,800D6980,8DC0,E9B70,801069D0,9AA0,E9B70,801069D0,9AA0,0C5A60,800D6960,8DC0,E9B50,801069B0,9AA0,,,,,,,,,,
z_game_over.c,,,,,,,,,,,,,,,,,,,,,,,,,,,,,,,,,CE840,800DF740,540,F3610,80110470,540,F3610,80110470,540,0CE820,800DF720,540,F35F0,80110450,540,,,,,,,,,,
z_construct.c,,,,,,,,,,,,,,,,,,,,,,,,,,,,,,,,,CED80,800DFC80,1540,F3B50,801109B0,1730,F3B50,801109B0,1730,0CED60,800DFC60,1540,F3B30,80110990,1730,,,,,,,,,,
rsp.s,,Handwritten. N64 seems to have an extra function in the middle,0D1D10,800E2DB0,46F0,0D1F20,800E2FC0,46F0,0D20E0,800E3180,46F0,0CF830,800E0F10,46F0,0D1F20,800E3600,46F0,0CF870,800E0F50,46F0,0D2980,800E3860,3360,0D2960,800E3840,3360,0D2960,800E3840,3360,0D2940,800E3820,3360,0D02C0,800E11C0,3360,0F5280,801120E0,3360,0F5280,801120E0,3360,0D02A0,800E11A0,3360,F5260,801120C0,3360,0D2960,800E3840,3360,0D2FD0,800EBF70,3360,0D28B0,800EB2F0,3360,
,,,0D6400,800E74A0,,0D6610,800E76B0,,0D67D0,800E7870,,0D3F20,800E5600,,0D6610,800E7CF0,,0D3F60,800E5640,,0D5CE0,800E6BC0,,0D5CC0,800E6BA0,,0D5CC0,800E6BA0,,0D5CA0,800E6B80,,0D3620,800E4520,,0F85E0,80115440,,0F85E0,80115440,,0D3600,800E4500,,F85C0,80115420,,0D5CC0,800E6BA0,,0D6330,800EF2D0,,0D5C10,800EE650,,